scenario_id,strategy,generation_model,judge_model,fact_coverage_score,tone_alignment_score,professional_quality_score,overall_score,generated_email,tone_feedback,quality_feedback
S01,baseline,llama-3.1-8b-instant,llama-3.1-8b-instant,1.0,0.95,0.988,0.9793,"Subject: Follow-up on Discovery Meeting and Next Steps

Dear [Client Name],

I wanted to express my sincere gratitude for taking the time to meet with us on April 12. We appreciated the opportunity to discuss your business needs and understand how we can assist you in achieving your goals.

As a follow-up to our meeting, I would like to reiterate that you are looking to implement a dashboard to track weekly sales Key Performance Indicators (KPIs). This will enable you to monitor your sales performance in real-time and make informed decisions to drive business growth.

We will be sending a technical proposal outlining the details of our proposed solution by this Friday. This proposal will provide a comprehensive overview of the dashboard's features, functionality, and implementation timeline.

In preparation for the next phase of the project, could you please confirm your preferred implementation start date? This will enable us to schedule the project accordingly and ensure a smooth transition.

Thank you for your continued interest in our services. We look forward to hearing back from you soon.

Best regards,
[Your Name]","The tone is generally formal, but some phrases like 'sincere gratitude' and 'we appreciated the opportunity' slightly deviate from a purely formal tone.","The email is well-structured, clear, and concise. However, some sentences could be shortened for better readability."
S02,baseline,llama-3.1-8b-instant,llama-3.1-8b-instant,0.75,0.8,0.97,0.84,"Subject: Missing Documents for Data Analyst Application

Dear [Applicant Name],

I hope this email finds you well. We appreciate the time and effort you've taken to apply for the Data Analyst role at our organization. We're excited about the potential you bring to our team and would like to move forward with your application.

However, we noticed that your portfolio and final semester transcript are missing from your application. These documents are essential for us to assess your qualifications and experience. We kindly request that you submit these documents as soon as possible to ensure a smooth evaluation process.

Please note that the deadline to submit the missing items is April 20. If you encounter any issues uploading the documents, please don't hesitate to reach out to us. We're more than happy to assist you in any way we can.

We appreciate your prompt attention to this matter and look forward to reviewing your complete application. If you have any questions or concerns, please don't hesitate to contact us.

Best regards,
[Your Name]
Senior Executive Communications Assistant","The tone is generally empathetic, but could be more personalized to the applicant. The language used is polite and considerate, but some phrases feel a bit generic.","The email is well-structured, clear, and concise. Grammar and punctuation are correct. However, some sentences could be rephrased for better flow and clarity."
S03,baseline,llama-3.1-8b-instant,llama-3.1-8b-instant,0.75,0.9,0.97,0.8733,"Subject: Urgent: Delayed Shipment of PO-8742 for Plant Line 3

Dear [Vendor Representative],

I am writing to bring to your immediate attention the delayed shipment of goods associated with Purchase Order PO-8742. As per our records, the shipment is now 9 days behind schedule, which is causing significant disruptions to our production schedule, particularly affecting Plant Line 3.

We require a confirmed dispatch date within the next 24 hours to ensure that we can adjust our production plans accordingly. Failure to meet this deadline will have a ripple effect on our entire production process, resulting in potential losses and penalties.

Please be advised that, as per our contract (Section 5.2), penalties will apply for any delays beyond the agreed-upon timeframe. We urge you to take immediate action to rectify this situation and provide us with a revised dispatch date as soon as possible.

We appreciate your prompt attention to this matter and look forward to hearing from you within the next 24 hours.

Best regards,
[Your Name]
Senior Executive Communications Assistant","The tone is mostly urgent, but the language used is slightly formal for an urgent tone. Consider using more direct and forceful language to emphasize the importance of the situation.","The email is well-structured, clear, and concise. However, some sentences are a bit long and could be broken up for better readability. Additionally, the phrase 'potential losses and penalties' could be more specific and detailed."
S04,baseline,llama-3.1-8b-instant,llama-3.1-8b-instant,1.0,0.8,0.97,0.9233,"Subject: Meet Your New Account Manager - Jordan Lee

Hi Team,

I'm excited to introduce Jordan Lee as our new account manager, who will be taking over the responsibilities of our existing accounts. Jordan brings a wealth of experience in SaaS customer success, with over 6 years of expertise in ensuring customer satisfaction and driving business growth.

As Jordan gets up to speed, we've scheduled a transition call for this Tuesday at 3 PM. This will be a great opportunity for Jordan to meet with the team and discuss any ongoing projects or concerns. If you're unable to attend, please let me know and we'll make sure to catch up with you separately.

In the meantime, please note that our current support channels remain unchanged. You can continue to reach out to us through our usual email addresses and phone numbers.

If you have any questions or would like to schedule a meeting with Jordan, please don't hesitate to reach out to me directly. I'm looking forward to seeing the team's collaboration with Jordan grow.

Best regards,
[Your Name]","The tone is mostly casual, but some phrases like 'Best regards' and the formal closing sentence slightly detract from the casual tone. Overall, it's a good attempt at a casual tone.","The email is well-structured, clear, and concise. Grammar and punctuation are correct. However, some sentences could be shortened for better flow."
S05,baseline,llama-3.1-8b-instant,llama-3.1-8b-instant,1.0,0.9,0.97,0.9567,"Subject: Request for Cloud Budget Increase Approval

Dear [Supervisor's Name],

I am writing to request approval for a cloud budget increase to support the expanding analytics workload. As you are aware, our current monthly cloud spend is $18,000. However, due to the growing demand for analytics services, our projected spend for the next quarter is expected to reach $23,500.

This increase is necessary to ensure the continued delivery of high-quality analytics services to the organization. I have carefully reviewed our cloud usage and costs, and I am confident that this increase will enable us to meet the growing demands of our users without compromising our existing infrastructure.

To avoid any potential deployment delays, I kindly request your approval by April 25. This will allow us to adjust our budget and make necessary arrangements to accommodate the increased spend.

I would appreciate your prompt attention to this matter, and I am available to discuss this request further if needed.

Thank you for your consideration.

Best regards,
[Your Name]","The tone is generally formal, but some phrases like 'I would appreciate your prompt attention to this matter' slightly deviate from a purely formal tone.","The email is well-structured, clear, and concise. However, some sentences could be rephrased for better flow and grammar."
S06,baseline,llama-3.1-8b-instant,llama-3.1-8b-instant,1.0,0.85,0.952,0.934,"Subject: Apology for Support Outage on [Date]

Dear valued customers,

I am writing to express our sincerest apologies for the support outage that occurred on [Date] between 10:05 AM and 10:47 AM IST. We understand the inconvenience this may have caused and appreciate your patience and understanding during this time.

Our technical team has conducted a thorough investigation and identified the root cause of the issue as a failed database failover. We have taken immediate action to rectify the problem and implement additional safeguards to prevent such incidents in the future.

Please be assured that no customer data was compromised or lost during the outage. We take the security and integrity of your data very seriously and are committed to maintaining the highest standards of data protection.

As a gesture of goodwill, we would like to offer you a 5% credit on your next invoice. We value your business and appreciate your loyalty. If you have any questions or concerns, please do not hesitate to reach out to us.

Thank you for your understanding and continued support.

Best regards,
[Your Name]
Senior Executive Communications Assistant","The tone is generally empathetic, but could be more sincere and heartfelt in its apology. The language used is polite and courteous, but may come across as slightly insincere in places.","The email is well-structured and easy to follow, with clear and concise language. However, there are a few minor errors in grammar and punctuation, and the sentence structure could be varied for better flow."
S07,baseline,llama-3.1-8b-instant,llama-3.1-8b-instant,1.0,0.9,0.97,0.9567,"Subject: Invitation to Quarterly Roadmap Review - May 2

Dear Stakeholders,

I am writing to invite you to our quarterly roadmap review meeting, scheduled to take place on May 2. The meeting will be held from 11:00 AM to 12:30 PM EST, providing a valuable opportunity for us to discuss our progress and align on key objectives.

During the meeting, we will review our Q3 milestones and address potential staffing risks that may impact our projects. This is a crucial session for ensuring we are on track to meet our goals and identifying any necessary adjustments to our plans.

To ensure an accurate headcount, please RSVP by April 26 to let us know if you will be able to attend. Your participation is greatly appreciated, and we look forward to sharing our progress with you.

If you have any questions or require further information, please do not hesitate to reach out. We are excited to share our roadmap with you and discuss the key initiatives driving our business forward.

Best regards,
[Your Name]","The tone is generally formal, but some phrases such as 'we are excited to share our roadmap with you' slightly deviate from a purely formal tone.","The email is well-structured, clear, and concise. However, some sentences could be shortened for better readability."
S08,baseline,llama-3.1-8b-instant,llama-3.1-8b-instant,1.0,0.8,0.97,0.9233,"Subject: Overdue Invoice Payment: INV-3321

Dear [Customer Name],

I am writing to bring to your attention that your invoice, INV-3321, has now been outstanding for 14 days. As per our records, the outstanding amount due is 4200 USD. We kindly request that you settle this amount at your earliest convenience.

For your convenience, the payment link was included in the original invoice email that was sent to you. If you have already made the payment, please disregard this email. However, if you have not made the payment yet, we kindly request that you confirm payment today.

We understand that unforeseen circumstances may arise, and we are more than happy to work with you to resolve this matter. However, we do need to receive confirmation of payment today to avoid any further action. If you have any questions or concerns, please do not hesitate to reach out to us.

We appreciate your prompt attention to this matter and look forward to hearing back from you today.

Best regards,
[Your Name]
Senior Executive Communications Assistant","The tone is mostly urgent, but the language used is slightly too polite for an urgent tone. Consider using more direct language to emphasize the importance of prompt payment.","The email is well-structured, clear, and concise. However, some sentences could be rephrased for better flow and clarity. Consider using active voice instead of passive voice in some places."
S09,baseline,llama-3.1-8b-instant,llama-3.1-8b-instant,1.0,0.9,0.97,0.9567,"Subject: Request for Deadline Extension for Research Methods Paper

Dear Professor [Professor's Name],

I am writing to respectfully request an extension for the submission of the Research Methods paper, which is currently due on April 18. Unfortunately, I recently experienced a medical emergency on April 14, which has impacted my ability to complete the assignment on time.

In light of this unforeseen circumstance, I am kindly requesting an extension of the deadline until April 22. I am confident that with a brief extension, I will be able to complete the paper to the best of my abilities and meet the high standards of your course.

I understand that this is a short extension, and I appreciate your consideration of my request. I am committed to submitting high-quality work and am eager to complete the assignment as soon as possible.

Thank you for your understanding and support during this time. I look forward to your response regarding my request.

Sincerely,
[Your Name]","The tone is generally formal, but there are a few instances where the language is slightly informal (e.g. 'I am confident that with a brief extension'). Consider using more formal language to maintain consistency.","The email is well-structured, clear, and concise. However, there are a few minor grammatical errors (e.g. 'I am committed to submitting high-quality work and am eager to complete the assignment as soon as possible' could be rephrased for better flow). Consider proofreading the email more thoroughly to ensure error-free writing."
S10,baseline,llama-3.1-8b-instant,llama-3.1-8b-instant,1.0,0.8,0.97,0.9233,"Subject: Final Details for Monday's Workshop

Hi Team,

I hope you're all as excited as I am for our workshop on Monday. To confirm, we'll be kicking off at 9:30 AM sharp at Orion Hall, located on the 2nd Floor. Please make sure to bring your laptop and company ID with you, as we'll be using those for the session.

To get you fueled up for the day, breakfast and coffee will be available from 9:00 AM onwards. Feel free to grab a bite and catch up with your colleagues before we get started.

We've got a great agenda lined up, and I'm looking forward to seeing you all there. If you have any last-minute questions or concerns, please don't hesitate to reach out to me.

Looking forward to seeing you on Monday!

Best regards,
[Your Name]","The tone is mostly casual, but the language used is slightly formal in some places (e.g., 'Best regards'). Consider using more colloquial expressions to match the required tone.","The email is well-structured, clear, and concise. However, there are a few minor grammar errors (e.g., 'as excited as I am for our workshop on Monday' could be rephrased for better clarity)."
